{
  "tracked_positions": {},
  "total_trades": 171,
  "winning_trades": 42,
  "total_pnl": -73.05765045803106,
  "starting_equity": 0,
  "peak_equity": 1042.609633,
  "day_start_equity": 681.668514,
  "coin_pnl_history": {
    "HBAR": [
      -0.007305539086981889,
      -0.007940719057348774,
      -0.008628731738302638,
      -0.008681619927801639,
      -0.008681619927801639,
      -0.008840369672460876,
      -0.010109415350746883,
      -0.010109415350746883,
      -0.010109415350746883,
      -0.010109415350746883,
      -0.014284218320287864,
      -0.014284218320287864
    ],
    "DOGE": [
      -0.015771603907488937,
      0.27454339975224124,
      0.32283533499905487,
      -0.0921197745299262,
      -0.3376870917422247,
      0.30618485034438153,
      0.25698735148174395,
      -0.05148152713170256,
      -0.05710836693548376,
      -0.019829586101175963,
      -0.0020511333993472004,
      0.008579641671204234,
      0.015127623412793448,
      -0.020314035786168024,
      0.00048366465474187093,
      -0.021639330078146942,
      -0.0005272355076862368,
      -0.003337505397296654,
      0.009773556754893501,
      -0.01699119210812888,
      -0.011588494254588463,
      -0.0173671388162227,
      -0.04907911603261699,
      -0.02630728544616928,
      -0.021447903618009242,
      0.012462982049300023,
      -0.01785113484646211,
      -0.018444095396846157,
      0.023495400371839673,
      0.0050435024654044746,
      -0.022547004712846704,
      0.01823452046621216,
      -0.03405364167115226,
      -0.011013984387117034,
      0.007894099307032613,
      0.027777763238245382
    ],
    "XLM": [
      -0.006146150750827524,
      -0.009986466715434735,
      -0.01047415264569634,
      -0.010596074128260632,
      -0.010656959802976481,
      -0.008921136079518773,
      -0.013334460488636454,
      -0.013334460488636454,
      -0.015040425272649312,
      -0.015162279900078842,
      -0.009836830227805623,
      -0.015162279900078842,
      -0.01668546274294796,
      -0.01668546274294796,
      -0.01668546274294796,
      -0.01799186528844637,
      -0.022452775073028505,
      -0.022452775073028505,
      -0.02357862706913288,
      -0.02671275559883107,
      -0.02671275559883107,
      -0.02671275559883107,
      -0.027621387283236428,
      -0.016087485515642815,
      -0.016087485515642815,
      -0.027621387283236428,
      -0.016087485515642815,
      -0.027621387283236428,
      -0.027893912107033677,
      -0.025149863346491882,
      -0.025149863346491882,
      -0.025235500396414364,
      -0.025235500396414364,
      -0.02553915111598964,
      -0.02457310204326207,
      0.005724948875255935,
      0.007871756185878268,
      0.016534397426379358,
      -0.022993718512849756,
      -0.007367520550563496,
      0.02739589180913499,
      -0.03505310570744596,
      -0.008326286588865525,
      0.04576830321347098,
      0.0647232296005879,
      -0.017191122257811327,
      -0.015683653729899823,
      -0.049256259828231945,
      0.0020624809230202533,
      -0.006014784294716076,
      -0.01977403414195827,
      -0.02271330466977189,
      -0.03058070028179088,
      0.013275367558447996,
      -0.015595118148015116,
      0.015054753309266592,
      -0.029179467886594698,
      0.06383712984054662,
      0.062078660391437564,
      -0.042270689944603416,
      -0.03437767066914726,
      0.01933249163025569,
      0.03248014450702614,
      0.02187549631310243,
      0.05587011961182559,
      0.05380497126597112,
      -0.05629844190286775,
      -0.028831850727443705,
      -0.02179138777331496,
      0.047703848975675985,
      -0.014529531398005332,
      -0.02348698832858703,
      -0.03754581606362766,
      -0.03618657052726509,
      -0.030981250708054738,
      -0.0256437491130978,
      0.00428186968838568,
      -0.037067706547823036,
      -0.036695009773485214,
      -0.005078536303152965,
      0.012281436259475368
    ],
    "SUI": [
      0.009498340937370068,
      -0.015376353039134257,
      -0.017323974082073475,
      -0.018704545454545304,
      -0.02605397365509515,
      -0.003104850826356971,
      -0.02726046608317428,
      -0.0060670254614619236,
      -0.012826942040100538,
      -0.004999661340647161,
      -0.03240467279431996,
      -0.022450857469093973,
      -0.01997680682081054,
      -0.023547932722920936,
      -0.0067522027641669325,
      -0.011907732575366866,
      -0.028329315599889212,
      0.03477725383274461,
      0.03300106085037786,
      -0.02519124472242334,
      -0.026985626936841752,
      -0.01567219733737962,
      -0.036876272668596104,
      -0.056854100285091906,
      -0.04547209945613189,
      0.00822476949393031,
      -0.02558847788052981,
      -0.004447049603931104,
      0.010916347707748467,
      -0.030304541176221996,
      -0.0020023647822802705,
      0.024107083558065404,
      -0.02369832752036277,
      0.025967515181764603,
      -0.020117566141943873,
      -0.0419945547327149,
      -0.014472744645523335,
      0.015262227552404532,
      -0.02468109021055259,
      -0.040017439279255655,
      -0.016653250858357168,
      0.01695157455637925
    ]
  },
  "saved_at": "2026-03-28T15:25:05.526371"
}